<?xml version="1.0" encoding="UTF-8"?>
<faces-config version="1.2" xmlns="http://java.sun.com/xml/ns/javaee"
 xmlns:xi="http://www.w3.org/2001/XInclude"
 xmlns:xsi="http://www.w3.org/2001/XMLSchema-instance" xsi:schemaLocation="http://java.sun.com/xml/ns/javaee http://java.sun.com/xml/ns/javaee/web-facesconfig_1_2.xsd">
 <managed-bean>
  <managed-bean-name>loginBean</managed-bean-name>
  <managed-bean-class>com.jotov.versia.beans.LoginBean</managed-bean-class>
  <managed-bean-scope>request</managed-bean-scope>
  <managed-property>
   <property-name>dbean</property-name>
   <property-class>com.jotov.versia.beans.DBConnectBean</property-class>
   <value>#{dBConnectBean}</value>
  </managed-property>
 </managed-bean>
 <managed-bean>
  <managed-bean-name>userSessionBean</managed-bean-name>
  <managed-bean-class>com.jotov.versia.beans.UserSessionBean</managed-bean-class>
  <managed-bean-scope>session</managed-bean-scope>
 </managed-bean>
 <managed-bean>
  <managed-bean-name>dBConnectBean</managed-bean-name>
  <managed-bean-class>com.jotov.versia.beans.DBConnectBean</managed-bean-class>
  <managed-bean-scope>application</managed-bean-scope>
 </managed-bean>
 <managed-bean>
  <managed-bean-name>actionsBean</managed-bean-name>
  <managed-bean-class>com.jotov.versia.beans.ActionsBean</managed-bean-class>
  <managed-bean-scope>request</managed-bean-scope>
  <managed-property>
   <property-name>dbean</property-name>
   <property-class>com.jotov.versia.beans.DBConnectBean</property-class>
   <value>#{dBConnectBean}</value>
  </managed-property>
 </managed-bean>
 <managed-bean>
  <managed-bean-name>productBean</managed-bean-name>
  <managed-bean-class>com.jotov.versia.beans.ProductBean</managed-bean-class>
  <managed-bean-scope>session</managed-bean-scope>
  <managed-property>
   <property-name>dbean</property-name>
   <property-class>com.jotov.versia.beans.DBConnectBean</property-class>
   <value>#{dBConnectBean}</value>
  </managed-property>
  <managed-property>
   <property-name>session</property-name>
   <property-class>com.jotov.versia.beans.UserSessionBean</property-class>
   <value>#{userSessionBean}</value>
  </managed-property>
 </managed-bean>
 <managed-bean>
  <managed-bean-name>releaseBean</managed-bean-name>
  <managed-bean-class>com.jotov.versia.beans.ReleaseBean</managed-bean-class>
  <managed-bean-scope>session</managed-bean-scope>
  <managed-property>
   <property-name>dbean</property-name>
   <property-class>com.jotov.versia.beans.DBConnectBean</property-class>
   <value>#{dBConnectBean}</value>
  </managed-property>
  <managed-property>
   <property-name>session</property-name>
   <property-class>com.jotov.versia.beans.UserSessionBean</property-class>
   <value>#{userSessionBean}</value>
  </managed-property>
 </managed-bean>
<!--  <managed-bean>
  <managed-bean-name>repeatBean</managed-bean-name>
  <managed-bean-class>RepeatBean</managed-bean-class>
  <managed-bean-scope>session</managed-bean-scope>
 </managed-bean> -->
 <managed-bean>
  <managed-bean-name>openProductBean</managed-bean-name>
  <managed-bean-class>com.jotov.versia.beans.OpenProductBean</managed-bean-class>
  <managed-bean-scope>request</managed-bean-scope>
  <managed-property>
   <property-name>dbean</property-name>
   <property-class>com.jotov.versia.beans.DBConnectBean</property-class>
   <value>#{dBConnectBean}</value>
  </managed-property>
  <managed-property>
   <property-name>session</property-name>
   <property-class>com.jotov.versia.beans.UserSessionBean</property-class>
   <value>#{userSessionBean}</value>
  </managed-property>
 </managed-bean>
 <navigation-rule>
  <display-name>login</display-name>
  <from-view-id>/pages/login.xhtml</from-view-id>
  <navigation-case>
   <from-action>#{loginBean.CheckValidUser}</from-action>
   <from-outcome>success</from-outcome>
   <to-view-id>/pages/main.xhtml</to-view-id>
  </navigation-case>
 </navigation-rule>
 <application>
  <view-handler>com.sun.facelets.FaceletViewHandler</view-handler>
 </application>
</faces-config>
